claim_id	paper_id	disease	contrast	tissue	original_cell_label	direction	composition_claim	evidence_sentence	evidence_location	figure_table
PMID40879186_C001	PMID40879186	multiple sclerosis	treatment-naive relapsing MS baseline versus healthy controls	PBMC	IL1Bhigh monocytes	DECREASED	YES	In addition to the depletion of naïve and memory B cells, we observed significant increase in the proportion of IL1Bhigh monocytes (CD14 ++ CD16 – IL1B high) across conditions (see Fig 1C–E and Data S8). These monocytes clearly subclustered from classical monocytes (CD14 ++ CD16 −) and exhibited a distinct phenotype, characterized by a strong IL1B expression signature (Fig 2A and Data [Link], [Link], and S9). IL1Bhigh monocytes were more prominently represented in a subset of HC samples compared to naïve MS baseline samples, and the proportion increased in a subset of MS patients on anti‐CD20 treatment in the longitudinal samples. The average proportion in HC reached approximately 8% with inter‐individual variation (see Fig 1D, E). Pairwise proportion tests performed on cell clusters excluding B cell clusters identified the IL1Bhigh monocytes as 1 of the top 5 significant differences across the conditions when comparing (1) HC to MS baseline samples, (2) MS baseline to recovery samples, (3) MS baseline to complete depletion, (4) acute depletion to recovery samples, and (5) acute depletion to complete depletion (p < 0.001) (Data S8). Although no acute change was observed in the proportion of these cells immediately after anti‐CD20 treatment initiation, their representation highly increased during the recovery and complete depletion phases in the longitudinal samples (see Fig 1B–E, and Data S8).	Results; Fig. 1D-E; IL1Bhigh monocytes more prominent in HC than naive MS baseline	UNKNOWN
PMID40879186_C002	PMID40879186	multiple sclerosis	treatment-naive relapsing MS baseline versus healthy controls	PBMC	classical monocytes	INCREASED	YES	Other cell types that showed significant differences between conditions in pairwise proportion tests included classical monocytes (CD14 ++ CD16 −), natural killer (NK) cells (CD56 + CD3G − CD16 +), and effector CD8+ T cells (CD3 + CD8 + GZMA + GZMB + CD25 −) (see Fig 1B, C and Data S7 and S8). Classical monocytes were more prevalent in MS baseline samples compared to HC, but their proportion declined on anti‐CD20 treatment in contrast to the IL1Bhigh monocyte population. NK cells showed a transitory increase during the immune recovery state, whereas anti‐CD20 treatment led to a longitudinal decrease in the proportion of effector CD8+ T cells (see Fig 1B, C and Data S8).	Results; classical monocytes more prevalent in MS baseline than HC	UNKNOWN
PMID32754283_C001	PMID32754283	chronic kidney transplant rejection	CKTR biopsy versus healthy adult kidney	kidney	memory B cells (cluster 0)	INCREASED	YES	We detected 1267 B lymphocyte cells. B cell infiltration has been suggested to be involved in allograft rejection. Clustering revealed five subclasses (clusters 0-4; Figure 4A; Table S5). Of these, cell type assignments were performed based on the R package 'SingleR'. The tSNE plot showed a rather good distribution of B cells, suggesting that there was no bias in the cell cycle status (Figure 4B). Figure 4C shows that B cell subtypes represent the most CKTR-enriched subtypes, especially memory B cells (cluster 0). DEG analyses failed to identify marker genes of each cell type, and we adapted an algorithm (reported by Mariathasan et al) to calculate the score of the top 10 DEG sets, which validated the robustness of our clustering (Figure 4D). Surprisingly, we identified a distinct signaling signature between memory B cells in cluster 0 and memory B cells in cluster 4, revealing immune activation-associated pathways (inflammation, proinflammatory cytokine and B cell proliferation) upregulated in cluster 0 (Figure 4E). Additionally, memory B cells (cluster 0) enriched a repertoire of B cell proliferation and lineage commitment genes, while these signaling signatures showed weak enrichment in memory B cells (cluster 4; Figure 4F). In contrast to memory B cells (cluster 4), memory B cells (cluster 0) displayed high expression of genes involved in immune activation (for example, TNFRSF13B, CD79B, LYN, PAX5, CD74, PTPRC, DAPP1 and CD22; Figure 4G). Additionally, the average expression of marker genes in memory B cells (cluster 0) was enriched in the CKTR group compared with the normal group (Figure 4H). We identified differences in B cells, revealing CKTR-associated increases in mature B-cell differentiation, proliferation, and regulation of Fc receptor-mediated stimulatory signaling (Figure 4I). Additionally, Figure S3A-F indicated that B lymphocytes of the CKTR harbored two distinct types of memory B cells.	Results > B lymphocytes harbor two distinct types of memory B cells; Fig. 4C	UNKNOWN
PMID32754283_C002	PMID32754283	chronic kidney transplant rejection	CKTR biopsy versus healthy adult kidney	kidney	MyoF (fibroblast cluster 0)	INCREASED	YES	Fibroblasts have been considered to correlate strongly with allograft fibrosis. In our datasets, 226 fibroblasts were detected. Subcluster analysis using the R package 'SingleR' revealed three subpopulations (Figure 6A; Table S5). Major fibroblasts were derived from CKTR, and most fibroblasts showed no bias in cell cycle status (Figure 6B-C). All fibroblasts can be divided into three clusters using an algorithm (reported by Mariathasan et al) to calculate the score of the top 10 DEG sets, validating the subclustering robustness (Figure 6D). The first stroma cluster (fibroblast cluster 0) uniquely expressed COL12A1 and MMP2, two genes strongly upregulated in kidney MyoFs during fibrosis, indicating a MyoF cluster (Figure 6E) 11,15. Remarkably, the MyoF subclass (mostly derived from CKTR) represents a high signature level of collagen and extracellular matrix (ECM) molecules and included platelet-derived growth factor (PDGF) signaling, collagen binding with the cell matrix and CXC3 chemokine binding. Cluster 1 displayed high expression levels of TGF-β signaling involved in activities related to epithelial-to-mesenchymal transition (EMT) and angiogenesis, while cluster 2 showed an enrichment in cellular biosynthesis processes (Figure 6F-G). Additionally, we observed MyoFs involved collagen and ECM signaling, with MyoFs expressing collagen-related genes (COL3A1, COL6A1, COL6A2, COL6A3, and COL4A1) and PDGR-related genes (PDGFRA and PDGFRB. Cluster 1 displayed high expression of EMT-related genes (POLR2F, POLR2I and POLR2L), while cluster 2 showed a high expression of biosynthesis signatures (for example, STAT1, STAT3, NOTCH3, PDGFRB and VEGFA; Figure 6H). Additionally, the average expression of marker genes in cluster 0 and cluster 1 showed differences between the CKTR and normal groups (Figure 6I). Additionally, we did uncover signaling differences in fibroblasts, indicating CKTR-associated increases in collagen, PDGF, ECM, and TGF-β and in fibroblast activation and migration (Figure 6J). The comparison of different fibroblasts subpopulations in CKTR was detailed in Figure S5A-G.	Results > Myofibroblasts (MyoFs) were enriched in the CKTR biopsies; Fig. 6	UNKNOWN
PMID41699549_C001	PMID41699549	hepatocellular carcinoma	Tumor versus NonTumoral	liver	cytotoxic CD4⁺ T cells	INCREASED	YES	Single-cell RNA sequencing (scRNA-seq) identified 14 major cell clusters in tumor and non-tumor samples, including hepatocytes, Kupffer cells, endothelial cells, T cells, and MDSCs (Fig. 7A–C). The tumor samples exhibited increased cytotoxic CD4⁺ T cells and MDSCs, with reduced hepatocyte proportion. Candidate genes such as ST6GAL1, JUND, PSMB1, and LY9 showed cell-type–specific expression: ST6GAL1 was enriched in macrophages and tumor endothelial cells, while JUND and PSMB1 were predominantly expressed in proliferative hepatocytes and activated immune cells.	Results > Single-cell RNA sequencing reveals cell-type-specific expression and immune remodeling; Fig. 7A-C	UNKNOWN
PMID41699549_C002	PMID41699549	hepatocellular carcinoma	Tumor versus NonTumoral	liver	MDSCs	INCREASED	YES	Single-cell RNA sequencing (scRNA-seq) identified 14 major cell clusters in tumor and non-tumor samples, including hepatocytes, Kupffer cells, endothelial cells, T cells, and MDSCs (Fig. 7A–C). The tumor samples exhibited increased cytotoxic CD4⁺ T cells and MDSCs, with reduced hepatocyte proportion. Candidate genes such as ST6GAL1, JUND, PSMB1, and LY9 showed cell-type–specific expression: ST6GAL1 was enriched in macrophages and tumor endothelial cells, while JUND and PSMB1 were predominantly expressed in proliferative hepatocytes and activated immune cells.	Results > Single-cell RNA sequencing reveals cell-type-specific expression and immune remodeling; Fig. 7A-C	UNKNOWN
PMID41699549_C003	PMID41699549	hepatocellular carcinoma	Tumor versus NonTumoral	liver	hepatocytes	DECREASED	YES	Single-cell RNA sequencing (scRNA-seq) identified 14 major cell clusters in tumor and non-tumor samples, including hepatocytes, Kupffer cells, endothelial cells, T cells, and MDSCs (Fig. 7A–C). The tumor samples exhibited increased cytotoxic CD4⁺ T cells and MDSCs, with reduced hepatocyte proportion. Candidate genes such as ST6GAL1, JUND, PSMB1, and LY9 showed cell-type–specific expression: ST6GAL1 was enriched in macrophages and tumor endothelial cells, while JUND and PSMB1 were predominantly expressed in proliferative hepatocytes and activated immune cells.	Results > Single-cell RNA sequencing reveals cell-type-specific expression and immune remodeling; Fig. 7A-C	UNKNOWN
PMID32661339_C001	PMID32661339	idiopathic pulmonary fibrosis	IPF lungs versus healthy lungs	lung alveolar epithelium	PATS-like	INCREASED	YES	Recent studies suggested that alveolar epithelial cells that line fibrotic foci in idiopathic pulmonary fibrosis (IPF) show features of senescence, growth arrest, and differentiation blockade27,28. Thus, we hypothesized that in response to a non-permissive pathologic microenvironment, alveolar progenitors stall their differentiation process in a PATS-like state. To test this, we analyzed a recently reported scRNA-seq dataset from human IPF lungs29. First, we excluded all non-epithelial and airway cells from further analysis. We observed numerous AEC2s and AEC1s in both healthy and IPF lungs, with apparent overlap in UMAP plots (Fig. 7a–c). By contrast, we found a distinct cell cluster that is highly enriched in IPF samples and did not overlap with either AEC1 or AEC2 (Fig. 7a,b). Previously, these cells were annotated by their marker gene expression as KRT5-/KRT17+29. Significantly, differential gene expression analysis revealed a striking resemblance of transcripts, including Sfn, Sox4 and Fn1, between the IPF-enriched cell cluster and PATS from murine organoids and injury model (Fig. 1, Fig. 4, Fig. 7a,b, Extended Data 8a). We therefore named human IPF-specific cluster as ‘PATS-like’ cells (Fig. 7a–c). Other transcripts highly enriched in the PATS-like population are CALD1, PRSS2, MMP7, and S100A2 (Extended Data 8a,b). To validate scRNA-seq data, we performed immunofluorescence analysis on healthy human and fibrotic and non-fibrotic regions of IPF lungs (Extended Data 8c). Co-immunofluorescence analysis for PATS-like (SFN, CLDN4, KRT17), AEC2 (SFTPC, HTII-280), AEC1 (AGER) and myofibroblasts (ACTA2) revealed the expression of PATS-like markers specifically in fibrotic regions of IPF lungs but not in healthy controls and healthy appearing regions in IPF lungs (Fig. 7d–i; Extended Data 8d–g). Interestingly, KRT17 has been shown recently to be expressed in basal cells of the normal lung and basaloid-like cells in IPF lungs 29,30.We also found a similar expression pattern of TP63, another marker for basal cells specifically in fibrotic but not in non-fibrotic regions of the IPF lungs (Fig. 7h,i; Extended Data 8e,f). We find that PATS-like markers are highly enriched in severe-fibrotic regions (Fig. 7d–i) coinciding with high levels of COL1A1 and accumulation of myofibroblasts (Fig. 7d; Extended Data 8h). Quantification of PATS markers (SFN, CLDN4, KRT17 and TP63) further supported these findings (Fig. 7e,g,i). Moreover, we observed that PATS acquired an elongated morphology in IPF lungs as opposed to cuboidal AEC2s in healthy lungs (Fig. 7d,f,h and Extended Data 8d,g). Of note, AGER expression is absent in regions with many PATS-like cells in IPF lungs (Fig. 7f; Extended Data 8g). Gene ontology and pathway analysis revealed an enrichment for components of p53 signalling (CDKN1A, CDKN2A, MDM2), DNA-damage checkpoint (RPS27L, PLK3) and cellular senescence (TGFB2, HIPK2) (Fig. 7j; Extended Data 9a–e). Moreover, the PATS-like cluster is enriched for components of focal adhesion, tight junction, and regulation of actin cytoskeleton, indicating a remarkable resemblance between PATS-like cells in IPF and those in organoids and regenerating alveoli (Fig. 4; Extended Data 9a–e). We also found a significant enrichment for AREG, TGFB1, TGFB2 and TIMP1, known regulators of fibrosis, in PATS-like cells (Fig. 7k). Next, we analyzed markers of cell senescence (β-galactosidase activity and CDKN1A/p21) and DNA damage response (γH2AX) in IPF and healthy lungs. Our data revealed specific expression of these markers in the PATS-like population in IPF but not in healthy lungs (Fig. 7l–o; Extended Data 9f–h). Taken together, our analysis revealed similarities between PATS from regenerating tissues and PATS-like cells that are specific to pathological fibrotic lungs.	Results > PATS associated gene expression signatures and signalling pathways are enriched in human fibrotic lungs; Fig. 7	UNKNOWN
PMID37312900_C001	PMID37312900	diabetic nephropathy	diabetic nephropathy versus normal kidney	kidney	B cells	INCREASED	YES	In addition to the bulk sequencing analysis, we analyzed the immune microenvironment of DN with the single-cell sequencing dataset GSE131882. According to the CellMarker database and scHCL, we identified 18 cell clusters and annotated the 18 clusters into 13 cell populations: mesangial cells, proximal tubule cells, distal convoluted tubule cells, thin ascending limb cells, intercalated cells, B cells, endothelial cells, descending limb cells, podocytes, thick ascending limb cells, monocytes, and natural killer T cells (Figure 7A and B). The proportions of cells in each cluster are shown in Figure 7C. As expected, a high portion of immune cell clusters (B cells, monocytes, and natural killer T cells) was detected in DN samples. The R package CellChat was used to further investigate the communication between activated podocytes and immune cells (B cells, monocytes, and natural killer T cells). The overall number of inferred interactions and the cell communication strength were enhanced in DN samples (Figure 7D). Compared to normal samples, the interactions of podocytes with B cells, monocytes, and natural killer T cells were significantly enhanced in DN samples. Interestingly, enhanced interaction strength between podocytes and monocytes and natural killer T cells but reduced interaction strength between podocytes and B cells were observed, as shown in Figure 7E. Next, we focused on the different pathways between DN samples and normal samples, including CD46 and NOTCH signals, reported to be associated with the development and progression of DN (Figure 7F). Finally, we constructed a pathway map of the three immune cell types and podocytes in normal and DN samples. The results indicated that the communication pathways between podocytes and immune cells were significantly increased in DN samples (Figure 7G).	Results; GSE131882 single-cell section; Fig. 7C	UNKNOWN
PMID37312900_C002	PMID37312900	diabetic nephropathy	diabetic nephropathy versus normal kidney	kidney	monocytes	INCREASED	YES	In addition to the bulk sequencing analysis, we analyzed the immune microenvironment of DN with the single-cell sequencing dataset GSE131882. According to the CellMarker database and scHCL, we identified 18 cell clusters and annotated the 18 clusters into 13 cell populations: mesangial cells, proximal tubule cells, distal convoluted tubule cells, thin ascending limb cells, intercalated cells, B cells, endothelial cells, descending limb cells, podocytes, thick ascending limb cells, monocytes, and natural killer T cells (Figure 7A and B). The proportions of cells in each cluster are shown in Figure 7C. As expected, a high portion of immune cell clusters (B cells, monocytes, and natural killer T cells) was detected in DN samples. The R package CellChat was used to further investigate the communication between activated podocytes and immune cells (B cells, monocytes, and natural killer T cells). The overall number of inferred interactions and the cell communication strength were enhanced in DN samples (Figure 7D). Compared to normal samples, the interactions of podocytes with B cells, monocytes, and natural killer T cells were significantly enhanced in DN samples. Interestingly, enhanced interaction strength between podocytes and monocytes and natural killer T cells but reduced interaction strength between podocytes and B cells were observed, as shown in Figure 7E. Next, we focused on the different pathways between DN samples and normal samples, including CD46 and NOTCH signals, reported to be associated with the development and progression of DN (Figure 7F). Finally, we constructed a pathway map of the three immune cell types and podocytes in normal and DN samples. The results indicated that the communication pathways between podocytes and immune cells were significantly increased in DN samples (Figure 7G).	Results; GSE131882 single-cell section; Fig. 7C	UNKNOWN
PMID37312900_C003	PMID37312900	diabetic nephropathy	diabetic nephropathy versus normal kidney	kidney	natural killer T cells	INCREASED	YES	In addition to the bulk sequencing analysis, we analyzed the immune microenvironment of DN with the single-cell sequencing dataset GSE131882. According to the CellMarker database and scHCL, we identified 18 cell clusters and annotated the 18 clusters into 13 cell populations: mesangial cells, proximal tubule cells, distal convoluted tubule cells, thin ascending limb cells, intercalated cells, B cells, endothelial cells, descending limb cells, podocytes, thick ascending limb cells, monocytes, and natural killer T cells (Figure 7A and B). The proportions of cells in each cluster are shown in Figure 7C. As expected, a high portion of immune cell clusters (B cells, monocytes, and natural killer T cells) was detected in DN samples. The R package CellChat was used to further investigate the communication between activated podocytes and immune cells (B cells, monocytes, and natural killer T cells). The overall number of inferred interactions and the cell communication strength were enhanced in DN samples (Figure 7D). Compared to normal samples, the interactions of podocytes with B cells, monocytes, and natural killer T cells were significantly enhanced in DN samples. Interestingly, enhanced interaction strength between podocytes and monocytes and natural killer T cells but reduced interaction strength between podocytes and B cells were observed, as shown in Figure 7E. Next, we focused on the different pathways between DN samples and normal samples, including CD46 and NOTCH signals, reported to be associated with the development and progression of DN (Figure 7F). Finally, we constructed a pathway map of the three immune cell types and podocytes in normal and DN samples. The results indicated that the communication pathways between podocytes and immune cells were significantly increased in DN samples (Figure 7G).	Results; GSE131882 single-cell section; Fig. 7C	UNKNOWN
PMID40359016_C001	PMID40359016	early multiple sclerosis	early MS versus healthy adults	PBMC B-cell compartment	ABC 1	INCREASED	YES	Percentages of B cells within annotated subsets by disease were assessed (Figure 1D), verifying findings in prior studies such as ABC expansion (ABC 1) in SLE, HIV, and MAL; B cells with ISG signature (ISG B) in SLE; and PB enrichment in HIV and MAL. Generally, B cell compartments in chronic infections and autoimmune diseases were skewed toward lower frequencies of resting naive and memory B cells and higher frequencies of activated effector phenotypes (e.g., activated switched memory B cells, PBs). The proportion of cells from each disease context and healthy controls for each annotated B subset was quantified after normalizing for total cell numbers per dataset (Figure 1E). This representation revealed enrichment of comparatively rare B cell phenotypes in disease versus healthy controls. Beyond PB predominance from HIV, MAL, and eMS, we identified overrepresentation of eMS- and PSS-derived B cells with gene ontology (GO) enrichment for AHEM B; MS- and PSS-derived ITGB3+ B; and eMS- and PSS-derived ABC 2, an apparent, distinct, rare population of ABCs (based on coexpression of TBX21, CD19, MS4A1, and ITGAX). Statistical comparisons identified significant enrichment of ABC 1 (2-sided Wilcoxon rank-sum test, P = 0.031) and PB (Wilcoxon P = 1.55 × 10–4) in eMS versus healthy adults. Conversely, B cells distinguished by elevated expression of CD5 (CD5+ B) were less frequent in patients with eMS versus healthy controls (Wilcoxon P = 2.71 × 10–3). Stratification of the eMS cohort by subsequent MS activity (eMS→SMSA) versus individuals with no additional evidence of MS activity (eMS→LTNA) revealed differences in frequencies of late activated switched memory B cells (Late Act SMB; aHD < eMS→SMSA, Wilcoxon P = 0.042; eMS→LTNA < eMS→SMSA, Wilcoxon P = 2.72 × 10–3) and AHEM B cells (aHD < eMS→SMSA, Wilcoxon P = 0.036). Samples from eMS→SMSA displayed elevated ABC 2 frequencies relative to eMS→LTNA samples, though not statistically significant (Wilcoxon P = 0.07) (Figure 1F and Supplemental Figure 3A). Notably, no significant differences in B subset frequencies existed between atorvastatin versus placebo groups (Supplemental Figure 3B).	Results > Characterization of B cell populations; Fig. 1F	UNKNOWN
PMID40359016_C002	PMID40359016	early multiple sclerosis	early MS versus healthy adults	PBMC B-cell compartment	PB	INCREASED	YES	Percentages of B cells within annotated subsets by disease were assessed (Figure 1D), verifying findings in prior studies such as ABC expansion (ABC 1) in SLE, HIV, and MAL; B cells with ISG signature (ISG B) in SLE; and PB enrichment in HIV and MAL. Generally, B cell compartments in chronic infections and autoimmune diseases were skewed toward lower frequencies of resting naive and memory B cells and higher frequencies of activated effector phenotypes (e.g., activated switched memory B cells, PBs). The proportion of cells from each disease context and healthy controls for each annotated B subset was quantified after normalizing for total cell numbers per dataset (Figure 1E). This representation revealed enrichment of comparatively rare B cell phenotypes in disease versus healthy controls. Beyond PB predominance from HIV, MAL, and eMS, we identified overrepresentation of eMS- and PSS-derived B cells with gene ontology (GO) enrichment for AHEM B; MS- and PSS-derived ITGB3+ B; and eMS- and PSS-derived ABC 2, an apparent, distinct, rare population of ABCs (based on coexpression of TBX21, CD19, MS4A1, and ITGAX). Statistical comparisons identified significant enrichment of ABC 1 (2-sided Wilcoxon rank-sum test, P = 0.031) and PB (Wilcoxon P = 1.55 × 10–4) in eMS versus healthy adults. Conversely, B cells distinguished by elevated expression of CD5 (CD5+ B) were less frequent in patients with eMS versus healthy controls (Wilcoxon P = 2.71 × 10–3). Stratification of the eMS cohort by subsequent MS activity (eMS→SMSA) versus individuals with no additional evidence of MS activity (eMS→LTNA) revealed differences in frequencies of late activated switched memory B cells (Late Act SMB; aHD < eMS→SMSA, Wilcoxon P = 0.042; eMS→LTNA < eMS→SMSA, Wilcoxon P = 2.72 × 10–3) and AHEM B cells (aHD < eMS→SMSA, Wilcoxon P = 0.036). Samples from eMS→SMSA displayed elevated ABC 2 frequencies relative to eMS→LTNA samples, though not statistically significant (Wilcoxon P = 0.07) (Figure 1F and Supplemental Figure 3A). Notably, no significant differences in B subset frequencies existed between atorvastatin versus placebo groups (Supplemental Figure 3B).	Results > Characterization of B cell populations; Fig. 1F	UNKNOWN
PMID40359016_C003	PMID40359016	early multiple sclerosis	early MS versus healthy adults	PBMC B-cell compartment	CD5+ B	DECREASED	YES	Percentages of B cells within annotated subsets by disease were assessed (Figure 1D), verifying findings in prior studies such as ABC expansion (ABC 1) in SLE, HIV, and MAL; B cells with ISG signature (ISG B) in SLE; and PB enrichment in HIV and MAL. Generally, B cell compartments in chronic infections and autoimmune diseases were skewed toward lower frequencies of resting naive and memory B cells and higher frequencies of activated effector phenotypes (e.g., activated switched memory B cells, PBs). The proportion of cells from each disease context and healthy controls for each annotated B subset was quantified after normalizing for total cell numbers per dataset (Figure 1E). This representation revealed enrichment of comparatively rare B cell phenotypes in disease versus healthy controls. Beyond PB predominance from HIV, MAL, and eMS, we identified overrepresentation of eMS- and PSS-derived B cells with gene ontology (GO) enrichment for AHEM B; MS- and PSS-derived ITGB3+ B; and eMS- and PSS-derived ABC 2, an apparent, distinct, rare population of ABCs (based on coexpression of TBX21, CD19, MS4A1, and ITGAX). Statistical comparisons identified significant enrichment of ABC 1 (2-sided Wilcoxon rank-sum test, P = 0.031) and PB (Wilcoxon P = 1.55 × 10–4) in eMS versus healthy adults. Conversely, B cells distinguished by elevated expression of CD5 (CD5+ B) were less frequent in patients with eMS versus healthy controls (Wilcoxon P = 2.71 × 10–3). Stratification of the eMS cohort by subsequent MS activity (eMS→SMSA) versus individuals with no additional evidence of MS activity (eMS→LTNA) revealed differences in frequencies of late activated switched memory B cells (Late Act SMB; aHD < eMS→SMSA, Wilcoxon P = 0.042; eMS→LTNA < eMS→SMSA, Wilcoxon P = 2.72 × 10–3) and AHEM B cells (aHD < eMS→SMSA, Wilcoxon P = 0.036). Samples from eMS→SMSA displayed elevated ABC 2 frequencies relative to eMS→LTNA samples, though not statistically significant (Wilcoxon P = 0.07) (Figure 1F and Supplemental Figure 3A). Notably, no significant differences in B subset frequencies existed between atorvastatin versus placebo groups (Supplemental Figure 3B).	Results > Characterization of B cell populations; Fig. 1F	UNKNOWN
PMID41578022_C001	PMID41578022	COPD	GOLD stage IV versus normal spirometry comparator (Supplementary Table 4 requires verification)	lung	aerocytes	DECREASED	YES	We then assessed how epithelial and endothelial composition varied with disease severity (Supplementary Table 4). Aerocytes were reduced in GOLD stage IV disease (false discovery rate (FDR) = 0.014) and in lungs with >75% emphysema (FDR = 0.031), and were inversely correlated with lobe-specific emphysema. In contrast, nonpulmonary endothelial populations were increased; systemic endothelial cells of the bronchial circulation were increased with >75% emphysema (FDR = 0.046) and correlated positively with lobe-specific emphysema, and lymphatic endothelial cells were increased in GOLD stage IV disease (FDR = 0.069; Fig. 2a–c). Among alveolar epithelial cells, AT1 cells were depleted in GOLD stage I/II and GOLD stage IV (FDR = 0.01, 0.02) and in >75% emphysema (FDR = 0.008), with abundance positively correlating with DLCO (Fig. 2c–e). Airway remodeling was also evident—goblet cells expanded in former and current smokers (FDR = 0.018, 0.017) and in GOLD stage II disease (FDR = 0.065; Fig. 2f), ciliated cells declined with falling FEV1 and SCGB3A2+ secretory cells decreased with increasing emphysema (Fig. 2c and Extended Data Fig. 3f,g). These findings outline a cellular trajectory in COPD consistent with goblet-cell hyperplasia and loss of ciliated cells, SCGB3A2+ secretory cells and cells involved in gas exchange (aerocytes, AT1)30–32.Fig. 2Associations between nonimmune cells and cell states with clinical traits in COPD.a, Alluvial plots of median endothelial cell proportions stratified by semiquantitative lobe emphysema (n = 128) and GOLD stage (n = 123). b, Lobe emphysema (% attenuation of ≤950 HU) and proportion of aerocytes (proportion of endothelial cells; n = 101). c, Clinical traits and cell proportions; aerocytes and systemic endothelial cells (proportion of endothelial cells; n = 101 for lobe emphysema; n = 123 for other traits), AT1 cells (proportion of alveolar epithelial cells; n = 121), ciliated cells (proportion of airway epithelial cells; n = 137) and SCGB3A2+ secretory cells (proportion of secretory/club cells; n = 108). Colors denote cell states, dot size reflects enrichment and x axis shows partial Spearman correlation coefficient. d, Alluvial plots of median alveolar epithelial cell proportions stratified by semiquantitative lobe emphysema (n = 127) and GOLD stage (n = 122). e, AT1 proportion (among alveolar epithelial cells) and DLCO (% predicted; n = 114). f, Goblet cells (proportion of airway epithelial cells) stratified by smoking status (N, F and C) and GOLD stage (n = 137). g, Proportions of inflamed nonimmune cell states relative to their respective parent lineages, stratified by GOLD stage and semiquantitative lobe emphysema—aerocytei (n = 87,90), arteryi (n = 71,71), gCapi (n = 91,94), AT1i (n = 122,127), AT2i (n = 122,127), secretoryi (n = 137,142), alveolar fibroblasti (n = 117,122) and adventitial fibroblasti (n = 101,103). h, Clinical traits and inflamed nonimmune cell-state proportions relative to their parent populations. Colors denote cell states, dot size reflects enrichment and x axis shows partial Spearman correlation coefficient. i,j, Reparative epithelial populations (AT2div, AT2S, secretorydiv, AT2SCGB3A2; proportion of all cells) stratified by smoking status (n = 127; i) and GOLD stage (n = 127; j). k, Clinical traits and reparative epithelial cell states (AT2div, AT2S, secretorydiv, AT2SCGB3A2; proportion of all cells), reparative endothelial cells (Endodiv, gCaptip; proportion of all endothelial cells), PB fibroblasts (fibroblastPB; proportion of all fibroblasts) and myofibroblasts (proportion of all fibroblasts). Colors denote cell states, dot size reflects enrichment and x axis shows partial Spearman correlation coefficient. l,m, ABCs (l) and CTHRC1+ fibroblasts (m; proportion of all cells) stratified by GOLD stage (n = 127). n,o, FibroblastPB (n) and myofibroblasts (o) as a proportion of all fibroblasts stratified by GOLD stage (n = 127). Proportions (range 0–1) were multiplied by 100 for visualization and plotted on a log10(scale) (i,j,l,m). Differential composition by sccomp (Bayesian sum-constrained β binomial), adjusted for age, sex, BMI and smoking; emphysema analyses additionally adjusted for lobe (a–o). We report posterior discovery probabilities, FDR-adjusted (Benjamini–Hochberg). *FDR < 0.10, **FDR < 0.05, ***FDR < 0.01. Partial Spearman correlations between continuous clinical traits and cell-state proportions, adjusted for the same covariates, illustrate the direction and strength of associations (f,i,j,l,m–o). Box plots depict the median (centerline), IQR (box) and 1.5× IQR whiskers. N, never; F, former; C, current smokers; emph., emphysema; Sec, secretory.	Results > Loss of alveolar gas exchange and increased goblet cells in COPD; Fig. 2	UNKNOWN
PMID41578022_C002	PMID41578022	COPD	GOLD stage IV versus normal spirometry comparator (Supplementary Table 4 requires verification)	lung	lymphatic endothelial cells	INCREASED	YES	We then assessed how epithelial and endothelial composition varied with disease severity (Supplementary Table 4). Aerocytes were reduced in GOLD stage IV disease (false discovery rate (FDR) = 0.014) and in lungs with >75% emphysema (FDR = 0.031), and were inversely correlated with lobe-specific emphysema. In contrast, nonpulmonary endothelial populations were increased; systemic endothelial cells of the bronchial circulation were increased with >75% emphysema (FDR = 0.046) and correlated positively with lobe-specific emphysema, and lymphatic endothelial cells were increased in GOLD stage IV disease (FDR = 0.069; Fig. 2a–c). Among alveolar epithelial cells, AT1 cells were depleted in GOLD stage I/II and GOLD stage IV (FDR = 0.01, 0.02) and in >75% emphysema (FDR = 0.008), with abundance positively correlating with DLCO (Fig. 2c–e). Airway remodeling was also evident—goblet cells expanded in former and current smokers (FDR = 0.018, 0.017) and in GOLD stage II disease (FDR = 0.065; Fig. 2f), ciliated cells declined with falling FEV1 and SCGB3A2+ secretory cells decreased with increasing emphysema (Fig. 2c and Extended Data Fig. 3f,g). These findings outline a cellular trajectory in COPD consistent with goblet-cell hyperplasia and loss of ciliated cells, SCGB3A2+ secretory cells and cells involved in gas exchange (aerocytes, AT1)30–32.Fig. 2Associations between nonimmune cells and cell states with clinical traits in COPD.a, Alluvial plots of median endothelial cell proportions stratified by semiquantitative lobe emphysema (n = 128) and GOLD stage (n = 123). b, Lobe emphysema (% attenuation of ≤950 HU) and proportion of aerocytes (proportion of endothelial cells; n = 101). c, Clinical traits and cell proportions; aerocytes and systemic endothelial cells (proportion of endothelial cells; n = 101 for lobe emphysema; n = 123 for other traits), AT1 cells (proportion of alveolar epithelial cells; n = 121), ciliated cells (proportion of airway epithelial cells; n = 137) and SCGB3A2+ secretory cells (proportion of secretory/club cells; n = 108). Colors denote cell states, dot size reflects enrichment and x axis shows partial Spearman correlation coefficient. d, Alluvial plots of median alveolar epithelial cell proportions stratified by semiquantitative lobe emphysema (n = 127) and GOLD stage (n = 122). e, AT1 proportion (among alveolar epithelial cells) and DLCO (% predicted; n = 114). f, Goblet cells (proportion of airway epithelial cells) stratified by smoking status (N, F and C) and GOLD stage (n = 137). g, Proportions of inflamed nonimmune cell states relative to their respective parent lineages, stratified by GOLD stage and semiquantitative lobe emphysema—aerocytei (n = 87,90), arteryi (n = 71,71), gCapi (n = 91,94), AT1i (n = 122,127), AT2i (n = 122,127), secretoryi (n = 137,142), alveolar fibroblasti (n = 117,122) and adventitial fibroblasti (n = 101,103). h, Clinical traits and inflamed nonimmune cell-state proportions relative to their parent populations. Colors denote cell states, dot size reflects enrichment and x axis shows partial Spearman correlation coefficient. i,j, Reparative epithelial populations (AT2div, AT2S, secretorydiv, AT2SCGB3A2; proportion of all cells) stratified by smoking status (n = 127; i) and GOLD stage (n = 127; j). k, Clinical traits and reparative epithelial cell states (AT2div, AT2S, secretorydiv, AT2SCGB3A2; proportion of all cells), reparative endothelial cells (Endodiv, gCaptip; proportion of all endothelial cells), PB fibroblasts (fibroblastPB; proportion of all fibroblasts) and myofibroblasts (proportion of all fibroblasts). Colors denote cell states, dot size reflects enrichment and x axis shows partial Spearman correlation coefficient. l,m, ABCs (l) and CTHRC1+ fibroblasts (m; proportion of all cells) stratified by GOLD stage (n = 127). n,o, FibroblastPB (n) and myofibroblasts (o) as a proportion of all fibroblasts stratified by GOLD stage (n = 127). Proportions (range 0–1) were multiplied by 100 for visualization and plotted on a log10(scale) (i,j,l,m). Differential composition by sccomp (Bayesian sum-constrained β binomial), adjusted for age, sex, BMI and smoking; emphysema analyses additionally adjusted for lobe (a–o). We report posterior discovery probabilities, FDR-adjusted (Benjamini–Hochberg). *FDR < 0.10, **FDR < 0.05, ***FDR < 0.01. Partial Spearman correlations between continuous clinical traits and cell-state proportions, adjusted for the same covariates, illustrate the direction and strength of associations (f,i,j,l,m–o). Box plots depict the median (centerline), IQR (box) and 1.5× IQR whiskers. N, never; F, former; C, current smokers; emph., emphysema; Sec, secretory.	Results > Loss of alveolar gas exchange and increased goblet cells in COPD; Fig. 2a-c	UNKNOWN
PMID41578022_C003	PMID41578022	COPD	GOLD stage I/II versus normal spirometry comparator (Supplementary Table 4 requires verification)	lung	AT1 cells	DECREASED	YES	We then assessed how epithelial and endothelial composition varied with disease severity (Supplementary Table 4). Aerocytes were reduced in GOLD stage IV disease (false discovery rate (FDR) = 0.014) and in lungs with >75% emphysema (FDR = 0.031), and were inversely correlated with lobe-specific emphysema. In contrast, nonpulmonary endothelial populations were increased; systemic endothelial cells of the bronchial circulation were increased with >75% emphysema (FDR = 0.046) and correlated positively with lobe-specific emphysema, and lymphatic endothelial cells were increased in GOLD stage IV disease (FDR = 0.069; Fig. 2a–c). Among alveolar epithelial cells, AT1 cells were depleted in GOLD stage I/II and GOLD stage IV (FDR = 0.01, 0.02) and in >75% emphysema (FDR = 0.008), with abundance positively correlating with DLCO (Fig. 2c–e). Airway remodeling was also evident—goblet cells expanded in former and current smokers (FDR = 0.018, 0.017) and in GOLD stage II disease (FDR = 0.065; Fig. 2f), ciliated cells declined with falling FEV1 and SCGB3A2+ secretory cells decreased with increasing emphysema (Fig. 2c and Extended Data Fig. 3f,g). These findings outline a cellular trajectory in COPD consistent with goblet-cell hyperplasia and loss of ciliated cells, SCGB3A2+ secretory cells and cells involved in gas exchange (aerocytes, AT1)30–32.Fig. 2Associations between nonimmune cells and cell states with clinical traits in COPD.a, Alluvial plots of median endothelial cell proportions stratified by semiquantitative lobe emphysema (n = 128) and GOLD stage (n = 123). b, Lobe emphysema (% attenuation of ≤950 HU) and proportion of aerocytes (proportion of endothelial cells; n = 101). c, Clinical traits and cell proportions; aerocytes and systemic endothelial cells (proportion of endothelial cells; n = 101 for lobe emphysema; n = 123 for other traits), AT1 cells (proportion of alveolar epithelial cells; n = 121), ciliated cells (proportion of airway epithelial cells; n = 137) and SCGB3A2+ secretory cells (proportion of secretory/club cells; n = 108). Colors denote cell states, dot size reflects enrichment and x axis shows partial Spearman correlation coefficient. d, Alluvial plots of median alveolar epithelial cell proportions stratified by semiquantitative lobe emphysema (n = 127) and GOLD stage (n = 122). e, AT1 proportion (among alveolar epithelial cells) and DLCO (% predicted; n = 114). f, Goblet cells (proportion of airway epithelial cells) stratified by smoking status (N, F and C) and GOLD stage (n = 137). g, Proportions of inflamed nonimmune cell states relative to their respective parent lineages, stratified by GOLD stage and semiquantitative lobe emphysema—aerocytei (n = 87,90), arteryi (n = 71,71), gCapi (n = 91,94), AT1i (n = 122,127), AT2i (n = 122,127), secretoryi (n = 137,142), alveolar fibroblasti (n = 117,122) and adventitial fibroblasti (n = 101,103). h, Clinical traits and inflamed nonimmune cell-state proportions relative to their parent populations. Colors denote cell states, dot size reflects enrichment and x axis shows partial Spearman correlation coefficient. i,j, Reparative epithelial populations (AT2div, AT2S, secretorydiv, AT2SCGB3A2; proportion of all cells) stratified by smoking status (n = 127; i) and GOLD stage (n = 127; j). k, Clinical traits and reparative epithelial cell states (AT2div, AT2S, secretorydiv, AT2SCGB3A2; proportion of all cells), reparative endothelial cells (Endodiv, gCaptip; proportion of all endothelial cells), PB fibroblasts (fibroblastPB; proportion of all fibroblasts) and myofibroblasts (proportion of all fibroblasts). Colors denote cell states, dot size reflects enrichment and x axis shows partial Spearman correlation coefficient. l,m, ABCs (l) and CTHRC1+ fibroblasts (m; proportion of all cells) stratified by GOLD stage (n = 127). n,o, FibroblastPB (n) and myofibroblasts (o) as a proportion of all fibroblasts stratified by GOLD stage (n = 127). Proportions (range 0–1) were multiplied by 100 for visualization and plotted on a log10(scale) (i,j,l,m). Differential composition by sccomp (Bayesian sum-constrained β binomial), adjusted for age, sex, BMI and smoking; emphysema analyses additionally adjusted for lobe (a–o). We report posterior discovery probabilities, FDR-adjusted (Benjamini–Hochberg). *FDR < 0.10, **FDR < 0.05, ***FDR < 0.01. Partial Spearman correlations between continuous clinical traits and cell-state proportions, adjusted for the same covariates, illustrate the direction and strength of associations (f,i,j,l,m–o). Box plots depict the median (centerline), IQR (box) and 1.5× IQR whiskers. N, never; F, former; C, current smokers; emph., emphysema; Sec, secretory.	Results > Loss of alveolar gas exchange and increased goblet cells in COPD; Fig. 2c-e	UNKNOWN
PMID41578022_C004	PMID41578022	COPD	GOLD stage IV versus normal spirometry comparator (Supplementary Table 4 requires verification)	lung	AT1 cells	DECREASED	YES	We then assessed how epithelial and endothelial composition varied with disease severity (Supplementary Table 4). Aerocytes were reduced in GOLD stage IV disease (false discovery rate (FDR) = 0.014) and in lungs with >75% emphysema (FDR = 0.031), and were inversely correlated with lobe-specific emphysema. In contrast, nonpulmonary endothelial populations were increased; systemic endothelial cells of the bronchial circulation were increased with >75% emphysema (FDR = 0.046) and correlated positively with lobe-specific emphysema, and lymphatic endothelial cells were increased in GOLD stage IV disease (FDR = 0.069; Fig. 2a–c). Among alveolar epithelial cells, AT1 cells were depleted in GOLD stage I/II and GOLD stage IV (FDR = 0.01, 0.02) and in >75% emphysema (FDR = 0.008), with abundance positively correlating with DLCO (Fig. 2c–e). Airway remodeling was also evident—goblet cells expanded in former and current smokers (FDR = 0.018, 0.017) and in GOLD stage II disease (FDR = 0.065; Fig. 2f), ciliated cells declined with falling FEV1 and SCGB3A2+ secretory cells decreased with increasing emphysema (Fig. 2c and Extended Data Fig. 3f,g). These findings outline a cellular trajectory in COPD consistent with goblet-cell hyperplasia and loss of ciliated cells, SCGB3A2+ secretory cells and cells involved in gas exchange (aerocytes, AT1)30–32.Fig. 2Associations between nonimmune cells and cell states with clinical traits in COPD.a, Alluvial plots of median endothelial cell proportions stratified by semiquantitative lobe emphysema (n = 128) and GOLD stage (n = 123). b, Lobe emphysema (% attenuation of ≤950 HU) and proportion of aerocytes (proportion of endothelial cells; n = 101). c, Clinical traits and cell proportions; aerocytes and systemic endothelial cells (proportion of endothelial cells; n = 101 for lobe emphysema; n = 123 for other traits), AT1 cells (proportion of alveolar epithelial cells; n = 121), ciliated cells (proportion of airway epithelial cells; n = 137) and SCGB3A2+ secretory cells (proportion of secretory/club cells; n = 108). Colors denote cell states, dot size reflects enrichment and x axis shows partial Spearman correlation coefficient. d, Alluvial plots of median alveolar epithelial cell proportions stratified by semiquantitative lobe emphysema (n = 127) and GOLD stage (n = 122). e, AT1 proportion (among alveolar epithelial cells) and DLCO (% predicted; n = 114). f, Goblet cells (proportion of airway epithelial cells) stratified by smoking status (N, F and C) and GOLD stage (n = 137). g, Proportions of inflamed nonimmune cell states relative to their respective parent lineages, stratified by GOLD stage and semiquantitative lobe emphysema—aerocytei (n = 87,90), arteryi (n = 71,71), gCapi (n = 91,94), AT1i (n = 122,127), AT2i (n = 122,127), secretoryi (n = 137,142), alveolar fibroblasti (n = 117,122) and adventitial fibroblasti (n = 101,103). h, Clinical traits and inflamed nonimmune cell-state proportions relative to their parent populations. Colors denote cell states, dot size reflects enrichment and x axis shows partial Spearman correlation coefficient. i,j, Reparative epithelial populations (AT2div, AT2S, secretorydiv, AT2SCGB3A2; proportion of all cells) stratified by smoking status (n = 127; i) and GOLD stage (n = 127; j). k, Clinical traits and reparative epithelial cell states (AT2div, AT2S, secretorydiv, AT2SCGB3A2; proportion of all cells), reparative endothelial cells (Endodiv, gCaptip; proportion of all endothelial cells), PB fibroblasts (fibroblastPB; proportion of all fibroblasts) and myofibroblasts (proportion of all fibroblasts). Colors denote cell states, dot size reflects enrichment and x axis shows partial Spearman correlation coefficient. l,m, ABCs (l) and CTHRC1+ fibroblasts (m; proportion of all cells) stratified by GOLD stage (n = 127). n,o, FibroblastPB (n) and myofibroblasts (o) as a proportion of all fibroblasts stratified by GOLD stage (n = 127). Proportions (range 0–1) were multiplied by 100 for visualization and plotted on a log10(scale) (i,j,l,m). Differential composition by sccomp (Bayesian sum-constrained β binomial), adjusted for age, sex, BMI and smoking; emphysema analyses additionally adjusted for lobe (a–o). We report posterior discovery probabilities, FDR-adjusted (Benjamini–Hochberg). *FDR < 0.10, **FDR < 0.05, ***FDR < 0.01. Partial Spearman correlations between continuous clinical traits and cell-state proportions, adjusted for the same covariates, illustrate the direction and strength of associations (f,i,j,l,m–o). Box plots depict the median (centerline), IQR (box) and 1.5× IQR whiskers. N, never; F, former; C, current smokers; emph., emphysema; Sec, secretory.	Results > Loss of alveolar gas exchange and increased goblet cells in COPD; Fig. 2c-e	UNKNOWN
PMID41578022_C005	PMID41578022	COPD	GOLD stage II versus normal spirometry comparator (Supplementary Table 4 requires verification)	lung	goblet cells	INCREASED	YES	We then assessed how epithelial and endothelial composition varied with disease severity (Supplementary Table 4). Aerocytes were reduced in GOLD stage IV disease (false discovery rate (FDR) = 0.014) and in lungs with >75% emphysema (FDR = 0.031), and were inversely correlated with lobe-specific emphysema. In contrast, nonpulmonary endothelial populations were increased; systemic endothelial cells of the bronchial circulation were increased with >75% emphysema (FDR = 0.046) and correlated positively with lobe-specific emphysema, and lymphatic endothelial cells were increased in GOLD stage IV disease (FDR = 0.069; Fig. 2a–c). Among alveolar epithelial cells, AT1 cells were depleted in GOLD stage I/II and GOLD stage IV (FDR = 0.01, 0.02) and in >75% emphysema (FDR = 0.008), with abundance positively correlating with DLCO (Fig. 2c–e). Airway remodeling was also evident—goblet cells expanded in former and current smokers (FDR = 0.018, 0.017) and in GOLD stage II disease (FDR = 0.065; Fig. 2f), ciliated cells declined with falling FEV1 and SCGB3A2+ secretory cells decreased with increasing emphysema (Fig. 2c and Extended Data Fig. 3f,g). These findings outline a cellular trajectory in COPD consistent with goblet-cell hyperplasia and loss of ciliated cells, SCGB3A2+ secretory cells and cells involved in gas exchange (aerocytes, AT1)30–32.Fig. 2Associations between nonimmune cells and cell states with clinical traits in COPD.a, Alluvial plots of median endothelial cell proportions stratified by semiquantitative lobe emphysema (n = 128) and GOLD stage (n = 123). b, Lobe emphysema (% attenuation of ≤950 HU) and proportion of aerocytes (proportion of endothelial cells; n = 101). c, Clinical traits and cell proportions; aerocytes and systemic endothelial cells (proportion of endothelial cells; n = 101 for lobe emphysema; n = 123 for other traits), AT1 cells (proportion of alveolar epithelial cells; n = 121), ciliated cells (proportion of airway epithelial cells; n = 137) and SCGB3A2+ secretory cells (proportion of secretory/club cells; n = 108). Colors denote cell states, dot size reflects enrichment and x axis shows partial Spearman correlation coefficient. d, Alluvial plots of median alveolar epithelial cell proportions stratified by semiquantitative lobe emphysema (n = 127) and GOLD stage (n = 122). e, AT1 proportion (among alveolar epithelial cells) and DLCO (% predicted; n = 114). f, Goblet cells (proportion of airway epithelial cells) stratified by smoking status (N, F and C) and GOLD stage (n = 137). g, Proportions of inflamed nonimmune cell states relative to their respective parent lineages, stratified by GOLD stage and semiquantitative lobe emphysema—aerocytei (n = 87,90), arteryi (n = 71,71), gCapi (n = 91,94), AT1i (n = 122,127), AT2i (n = 122,127), secretoryi (n = 137,142), alveolar fibroblasti (n = 117,122) and adventitial fibroblasti (n = 101,103). h, Clinical traits and inflamed nonimmune cell-state proportions relative to their parent populations. Colors denote cell states, dot size reflects enrichment and x axis shows partial Spearman correlation coefficient. i,j, Reparative epithelial populations (AT2div, AT2S, secretorydiv, AT2SCGB3A2; proportion of all cells) stratified by smoking status (n = 127; i) and GOLD stage (n = 127; j). k, Clinical traits and reparative epithelial cell states (AT2div, AT2S, secretorydiv, AT2SCGB3A2; proportion of all cells), reparative endothelial cells (Endodiv, gCaptip; proportion of all endothelial cells), PB fibroblasts (fibroblastPB; proportion of all fibroblasts) and myofibroblasts (proportion of all fibroblasts). Colors denote cell states, dot size reflects enrichment and x axis shows partial Spearman correlation coefficient. l,m, ABCs (l) and CTHRC1+ fibroblasts (m; proportion of all cells) stratified by GOLD stage (n = 127). n,o, FibroblastPB (n) and myofibroblasts (o) as a proportion of all fibroblasts stratified by GOLD stage (n = 127). Proportions (range 0–1) were multiplied by 100 for visualization and plotted on a log10(scale) (i,j,l,m). Differential composition by sccomp (Bayesian sum-constrained β binomial), adjusted for age, sex, BMI and smoking; emphysema analyses additionally adjusted for lobe (a–o). We report posterior discovery probabilities, FDR-adjusted (Benjamini–Hochberg). *FDR < 0.10, **FDR < 0.05, ***FDR < 0.01. Partial Spearman correlations between continuous clinical traits and cell-state proportions, adjusted for the same covariates, illustrate the direction and strength of associations (f,i,j,l,m–o). Box plots depict the median (centerline), IQR (box) and 1.5× IQR whiskers. N, never; F, former; C, current smokers; emph., emphysema; Sec, secretory.	Results > Loss of alveolar gas exchange and increased goblet cells in COPD; Fig. 2f	UNKNOWN
PMID41937210_C001	PMID41937210	cardiomyopathy	DCM versus non-diseased donor hearts	left ventricle	senescent vCMs	INCREASED	YES	We next performed subclustering within each major cell type to identify biologically distinct subpopulations. To ensure biological relevance rather than study-specific technical artifacts, we focused on subclusters that were consistently represented across multiple studies and supported by literature-reported marker genes in the relevant cell type (Methods; Additional file 1: Fig. S4). Using this approach, we identified seven subclusters of ventricular cardiomyocytes (vCMs), including fetal, HCM, and DCM-enriched states. Among these subclusters was a rare (0.05% of cells) population of “senescent” vCMs expressing canonical senescence markers such as CDKN1A and CDKN2A which is enriched in DCM and HCM (Fig. 1d; Additional file 1: Fig. S4b). In fibroblasts, we also identified seven subpopulations, including an “activated” subcluster enriched in AMI, DCM, and HCM (POSTN/TNC/FAP) and an “inflammatory” subcluster (IL6/THBS1/NR4A1) enriched in pediatric heart failure (Fig. 1e; Additional file 1: Fig. S4e). Endothelial cells included six subclusters largely based on vessel identity (arterial, capillary, venous), but included an “activated” subpopulation expressing inducible nitric oxide synthase (NOS2) [30] and inflammatory markers such as TNFRSF4, that is enriched in fetal, DCM, HCM, and ICM hearts (Additional file 1: Fig. S4d). In lymphoid cells, we identified eight subpopulations spanning natural killer (NK) cells, T cells, and B cells (Additional file 1: Fig. S4g). Notably, we observed an age-associated decline in non-plasma B and plasma B cells, consistent with the features of immunosenescence [31]. In myeloid cells, we identified six subclusters, including anti-inflammatory ARG1 + macrophages, CCR2 + monocyte-derived macrophages, cycling (CDK1/EZH2/TOP2A) resident macrophages (FOLR2 + /LYVE1 +) (Additional file 1: Fig. S4h). Monocyte-derived macrophages are enriched in AMI [32], cycling cells are most enriched in fetal hearts, while the ARG1 + anti-inflammatory macrophages were moderately enriched in DCM. Many of these subclusters comprise < 5% of each cell type, demonstrating how large-scale integration across studies enables detection of rare yet reproducible cell states in human hearts.	Results > Integration of snRNA-seq profiles; Fig. 1d	UNKNOWN
PMID41937210_C002	PMID41937210	cardiomyopathy	HCM versus non-diseased donor hearts	left ventricle	senescent vCMs	INCREASED	YES	We next performed subclustering within each major cell type to identify biologically distinct subpopulations. To ensure biological relevance rather than study-specific technical artifacts, we focused on subclusters that were consistently represented across multiple studies and supported by literature-reported marker genes in the relevant cell type (Methods; Additional file 1: Fig. S4). Using this approach, we identified seven subclusters of ventricular cardiomyocytes (vCMs), including fetal, HCM, and DCM-enriched states. Among these subclusters was a rare (0.05% of cells) population of “senescent” vCMs expressing canonical senescence markers such as CDKN1A and CDKN2A which is enriched in DCM and HCM (Fig. 1d; Additional file 1: Fig. S4b). In fibroblasts, we also identified seven subpopulations, including an “activated” subcluster enriched in AMI, DCM, and HCM (POSTN/TNC/FAP) and an “inflammatory” subcluster (IL6/THBS1/NR4A1) enriched in pediatric heart failure (Fig. 1e; Additional file 1: Fig. S4e). Endothelial cells included six subclusters largely based on vessel identity (arterial, capillary, venous), but included an “activated” subpopulation expressing inducible nitric oxide synthase (NOS2) [30] and inflammatory markers such as TNFRSF4, that is enriched in fetal, DCM, HCM, and ICM hearts (Additional file 1: Fig. S4d). In lymphoid cells, we identified eight subpopulations spanning natural killer (NK) cells, T cells, and B cells (Additional file 1: Fig. S4g). Notably, we observed an age-associated decline in non-plasma B and plasma B cells, consistent with the features of immunosenescence [31]. In myeloid cells, we identified six subclusters, including anti-inflammatory ARG1 + macrophages, CCR2 + monocyte-derived macrophages, cycling (CDK1/EZH2/TOP2A) resident macrophages (FOLR2 + /LYVE1 +) (Additional file 1: Fig. S4h). Monocyte-derived macrophages are enriched in AMI [32], cycling cells are most enriched in fetal hearts, while the ARG1 + anti-inflammatory macrophages were moderately enriched in DCM. Many of these subclusters comprise < 5% of each cell type, demonstrating how large-scale integration across studies enables detection of rare yet reproducible cell states in human hearts.	Results > Integration of snRNA-seq profiles; Fig. 1d	UNKNOWN
PMID41937210_C003	PMID41937210	cardiovascular disease	AMI versus non-diseased donor hearts	left ventricle	activated fibroblasts	INCREASED	YES	We next performed subclustering within each major cell type to identify biologically distinct subpopulations. To ensure biological relevance rather than study-specific technical artifacts, we focused on subclusters that were consistently represented across multiple studies and supported by literature-reported marker genes in the relevant cell type (Methods; Additional file 1: Fig. S4). Using this approach, we identified seven subclusters of ventricular cardiomyocytes (vCMs), including fetal, HCM, and DCM-enriched states. Among these subclusters was a rare (0.05% of cells) population of “senescent” vCMs expressing canonical senescence markers such as CDKN1A and CDKN2A which is enriched in DCM and HCM (Fig. 1d; Additional file 1: Fig. S4b). In fibroblasts, we also identified seven subpopulations, including an “activated” subcluster enriched in AMI, DCM, and HCM (POSTN/TNC/FAP) and an “inflammatory” subcluster (IL6/THBS1/NR4A1) enriched in pediatric heart failure (Fig. 1e; Additional file 1: Fig. S4e). Endothelial cells included six subclusters largely based on vessel identity (arterial, capillary, venous), but included an “activated” subpopulation expressing inducible nitric oxide synthase (NOS2) [30] and inflammatory markers such as TNFRSF4, that is enriched in fetal, DCM, HCM, and ICM hearts (Additional file 1: Fig. S4d). In lymphoid cells, we identified eight subpopulations spanning natural killer (NK) cells, T cells, and B cells (Additional file 1: Fig. S4g). Notably, we observed an age-associated decline in non-plasma B and plasma B cells, consistent with the features of immunosenescence [31]. In myeloid cells, we identified six subclusters, including anti-inflammatory ARG1 + macrophages, CCR2 + monocyte-derived macrophages, cycling (CDK1/EZH2/TOP2A) resident macrophages (FOLR2 + /LYVE1 +) (Additional file 1: Fig. S4h). Monocyte-derived macrophages are enriched in AMI [32], cycling cells are most enriched in fetal hearts, while the ARG1 + anti-inflammatory macrophages were moderately enriched in DCM. Many of these subclusters comprise < 5% of each cell type, demonstrating how large-scale integration across studies enables detection of rare yet reproducible cell states in human hearts.	Results > Integration of snRNA-seq profiles; Fig. 1e	UNKNOWN
PMID41937210_C004	PMID41937210	cardiovascular disease	DCM versus non-diseased donor hearts	left ventricle	activated fibroblasts	INCREASED	YES	We next performed subclustering within each major cell type to identify biologically distinct subpopulations. To ensure biological relevance rather than study-specific technical artifacts, we focused on subclusters that were consistently represented across multiple studies and supported by literature-reported marker genes in the relevant cell type (Methods; Additional file 1: Fig. S4). Using this approach, we identified seven subclusters of ventricular cardiomyocytes (vCMs), including fetal, HCM, and DCM-enriched states. Among these subclusters was a rare (0.05% of cells) population of “senescent” vCMs expressing canonical senescence markers such as CDKN1A and CDKN2A which is enriched in DCM and HCM (Fig. 1d; Additional file 1: Fig. S4b). In fibroblasts, we also identified seven subpopulations, including an “activated” subcluster enriched in AMI, DCM, and HCM (POSTN/TNC/FAP) and an “inflammatory” subcluster (IL6/THBS1/NR4A1) enriched in pediatric heart failure (Fig. 1e; Additional file 1: Fig. S4e). Endothelial cells included six subclusters largely based on vessel identity (arterial, capillary, venous), but included an “activated” subpopulation expressing inducible nitric oxide synthase (NOS2) [30] and inflammatory markers such as TNFRSF4, that is enriched in fetal, DCM, HCM, and ICM hearts (Additional file 1: Fig. S4d). In lymphoid cells, we identified eight subpopulations spanning natural killer (NK) cells, T cells, and B cells (Additional file 1: Fig. S4g). Notably, we observed an age-associated decline in non-plasma B and plasma B cells, consistent with the features of immunosenescence [31]. In myeloid cells, we identified six subclusters, including anti-inflammatory ARG1 + macrophages, CCR2 + monocyte-derived macrophages, cycling (CDK1/EZH2/TOP2A) resident macrophages (FOLR2 + /LYVE1 +) (Additional file 1: Fig. S4h). Monocyte-derived macrophages are enriched in AMI [32], cycling cells are most enriched in fetal hearts, while the ARG1 + anti-inflammatory macrophages were moderately enriched in DCM. Many of these subclusters comprise < 5% of each cell type, demonstrating how large-scale integration across studies enables detection of rare yet reproducible cell states in human hearts.	Results > Integration of snRNA-seq profiles; Fig. 1e	UNKNOWN
PMID41937210_C005	PMID41937210	cardiovascular disease	HCM versus non-diseased donor hearts	left ventricle	activated fibroblasts	INCREASED	YES	We next performed subclustering within each major cell type to identify biologically distinct subpopulations. To ensure biological relevance rather than study-specific technical artifacts, we focused on subclusters that were consistently represented across multiple studies and supported by literature-reported marker genes in the relevant cell type (Methods; Additional file 1: Fig. S4). Using this approach, we identified seven subclusters of ventricular cardiomyocytes (vCMs), including fetal, HCM, and DCM-enriched states. Among these subclusters was a rare (0.05% of cells) population of “senescent” vCMs expressing canonical senescence markers such as CDKN1A and CDKN2A which is enriched in DCM and HCM (Fig. 1d; Additional file 1: Fig. S4b). In fibroblasts, we also identified seven subpopulations, including an “activated” subcluster enriched in AMI, DCM, and HCM (POSTN/TNC/FAP) and an “inflammatory” subcluster (IL6/THBS1/NR4A1) enriched in pediatric heart failure (Fig. 1e; Additional file 1: Fig. S4e). Endothelial cells included six subclusters largely based on vessel identity (arterial, capillary, venous), but included an “activated” subpopulation expressing inducible nitric oxide synthase (NOS2) [30] and inflammatory markers such as TNFRSF4, that is enriched in fetal, DCM, HCM, and ICM hearts (Additional file 1: Fig. S4d). In lymphoid cells, we identified eight subpopulations spanning natural killer (NK) cells, T cells, and B cells (Additional file 1: Fig. S4g). Notably, we observed an age-associated decline in non-plasma B and plasma B cells, consistent with the features of immunosenescence [31]. In myeloid cells, we identified six subclusters, including anti-inflammatory ARG1 + macrophages, CCR2 + monocyte-derived macrophages, cycling (CDK1/EZH2/TOP2A) resident macrophages (FOLR2 + /LYVE1 +) (Additional file 1: Fig. S4h). Monocyte-derived macrophages are enriched in AMI [32], cycling cells are most enriched in fetal hearts, while the ARG1 + anti-inflammatory macrophages were moderately enriched in DCM. Many of these subclusters comprise < 5% of each cell type, demonstrating how large-scale integration across studies enables detection of rare yet reproducible cell states in human hearts.	Results > Integration of snRNA-seq profiles; Fig. 1e	UNKNOWN
PMID40744996_C001	PMID40744996	SLE with nephritis	SLE with nephritis (time-point handling unresolved) versus healthy controls	PBMC	plasma cells	INCREASED	YES	To better understand B cell-mediated immune responses and their skewed functions in SLE, we first reclustered B cells into five subpopulations (Fig. 2a) based on established marker genes (Fig. 2b). Subcellular compositional analysis showed a substantial increase of plasma cells and plasmablasts, both of which function as antibody-secreting cells, in SLE (Fig. 2c), consistent with earlier findings10,47.Fig. 2Novel subtype of atypical B cell with elevated IFN pathway.a A UMAP visualization of B cell subtypes: ABC, memory B cells (B mem), naive B cells (B naive), plasma cells (PC) and plasmablasts (PB). b Scaled average expression of marker genes across B cell subtypes, with the dot size indicating the proportion of expressing cells and the color gradient indicating the expression levels. c The proportion of B cell subtypes by disease state. The lines on the bar indicate the IQR, spanning from Q1 to Q3. Statistically significant increases are marked with orange stars for SLE and green for CTL. d Violin plots showing the distribution of IFN C1 cluster scores in B cell subtypes for controls (CTL) and patients with SLE in two studies: Perez et al.11 (left) and our study (right). The lines within the violin indicate the IQR, spanning from Q1 to Q3. e The ratio of ABC to B mem within total B cells, categorized by disease. The box represents the IQR, spanning from Q1 to Q3, with the line inside the box indicating the median. The whiskers extend to the smallest and largest values within 1.5 times the IQR. f A UMAP plot illustrating the inferred differentiation trajectory of non-plasma B cells, with color-coding from early (blue) to late (red) stages (left). UMAP plots for subtypes and TBX21 expression levels (right). The color gradient indicates the expression level. g The regulon specificity score (RSS) of TFs in ABC. TFs are sorted by RSS rank and ABC-specific TFs, appearing exclusively in the top 30 for ABCs, are highlighted in red. h TF activity changes across pseudotime for B cell subtypes in B naive to ABC (left) and B naive to B mem (right). The color gradient represents the progression through pseudotime, with the lines indicating the trend of TF activity. i Violin plots of STAT1 expression and TF activity in non-plasma B cell subtypes. Lines within the violin indicate the IQR, spanning from Q1 to Q3. ***P < 0.001 and ****P < 0.0001.	Results; Fig. 2c	UNKNOWN
PMID40744996_C002	PMID40744996	SLE with nephritis	SLE with nephritis (time-point handling unresolved) versus healthy controls	PBMC	plasmablasts	INCREASED	YES	To better understand B cell-mediated immune responses and their skewed functions in SLE, we first reclustered B cells into five subpopulations (Fig. 2a) based on established marker genes (Fig. 2b). Subcellular compositional analysis showed a substantial increase of plasma cells and plasmablasts, both of which function as antibody-secreting cells, in SLE (Fig. 2c), consistent with earlier findings10,47.Fig. 2Novel subtype of atypical B cell with elevated IFN pathway.a A UMAP visualization of B cell subtypes: ABC, memory B cells (B mem), naive B cells (B naive), plasma cells (PC) and plasmablasts (PB). b Scaled average expression of marker genes across B cell subtypes, with the dot size indicating the proportion of expressing cells and the color gradient indicating the expression levels. c The proportion of B cell subtypes by disease state. The lines on the bar indicate the IQR, spanning from Q1 to Q3. Statistically significant increases are marked with orange stars for SLE and green for CTL. d Violin plots showing the distribution of IFN C1 cluster scores in B cell subtypes for controls (CTL) and patients with SLE in two studies: Perez et al.11 (left) and our study (right). The lines within the violin indicate the IQR, spanning from Q1 to Q3. e The ratio of ABC to B mem within total B cells, categorized by disease. The box represents the IQR, spanning from Q1 to Q3, with the line inside the box indicating the median. The whiskers extend to the smallest and largest values within 1.5 times the IQR. f A UMAP plot illustrating the inferred differentiation trajectory of non-plasma B cells, with color-coding from early (blue) to late (red) stages (left). UMAP plots for subtypes and TBX21 expression levels (right). The color gradient indicates the expression level. g The regulon specificity score (RSS) of TFs in ABC. TFs are sorted by RSS rank and ABC-specific TFs, appearing exclusively in the top 30 for ABCs, are highlighted in red. h TF activity changes across pseudotime for B cell subtypes in B naive to ABC (left) and B naive to B mem (right). The color gradient represents the progression through pseudotime, with the lines indicating the trend of TF activity. i Violin plots of STAT1 expression and TF activity in non-plasma B cell subtypes. Lines within the violin indicate the IQR, spanning from Q1 to Q3. ***P < 0.001 and ****P < 0.0001.	Results; Fig. 2c	UNKNOWN
PMID40744996_C003	PMID40744996	SLE with nephritis	SLE with nephritis (time-point handling unresolved) versus healthy controls	PBMC	CD4 T cells	DECREASED	YES	To explore alterations in the phenotype, functional state and clonality of T cells in SLE, we further dissected CD4 and CD8 T cells using established marker genes (Fig. 3a,b). The overall proportion of CD4 T cells decreased in SLE (Fig. 3c). However, the abundance of CD4 regulatory T cells (Treg) was notably enriched in SLE, albeit with downregulation of CTLA4 and IL2RA (Supplementary Fig. 8a), implying that their suppressive functionality may be impaired. Consistent with this was the attenuated activity levels of IL-2 and TGF-β signaling pathways in CD4 Treg cells of SLE (Supplementary Fig. 8b), affording a diminished capacity to maintain immune tolerance. Together, these data strongly suggest that the dysfunction of CD4 Treg cells may contribute to the severity of inflammation and autoimmunity in SLE, leading to a less controlled and more aggressive disease course. Moreover, we observed heightened cytotoxic activity of CD4 cytotoxic T cells in SLE (Supplementary Fig. 8c,d), which could exacerbate inflammatory responses and tissue damage, leading to more severe disease manifestations.Fig. 3Distinct T cell activation and TCR diversity in SLE.a A UMAP visualization for cell composition by αβT cell subtypes: CD4+ naive (CD4 naive), central memory (CD4 Tcm), effector memory (CD4 Tem), regulatory (CD4 Treg), cytotoxic (CD4 CTL), cycling (CD4 cycling), CD8+ naive (CD8 naive), GZMK+ memory (CD8 GZMK), effector memory (CD8 Tem) and cycling (CD8 cycling) T cells. b The scaled average expression of marker genes across ten αβT cell subtypes, with dot size indicating the expressing cell proportion and the color gradient showing expression levels. c The proportion of αβT cell subtypes by disease state. The lines on the bar indicate the IQR, spanning from Q1 to Q3. Statistically significant increases are marked with orange stars for SLE and green for CTL. d Box plots comparing TCR signaling and T cell cytotoxicity in CD8 Tem cells across controls (CTL) and patients with SLE in three studies. The box represents the IQR, spanning from Q1 to Q3, with the line inside the box indicating the median. The whiskers extend to the smallest and largest values within 1.5 times the IQR. e A UMAP visualization delineates TCR clonotype distribution across αβT cells. Cells are colored based on clonotype expansion status. f Box plots showing TCR diversity (Shannon index) in CD8 T cell subtypes across controls and patients with SLE in two studies: Ota et al.17 (left) and our study (right). The box represents the IQR, spanning from Q1 to Q3, with the line inside the box indicating the median. The whiskers extend to the smallest and largest values within 1.5 times the IQR. g Heat maps of MHC-I and Galectin signaling strength from myeloid cells to CD8 T cell subtypes. The color gradient represents the relative strength of signaling. h Ligand–receptor communication probability of MHC-I (cM to CD8 T) (left) and Galectin signaling (pDC to CD8 T) (right). The color gradient represents communication probability and the empty dots indicate nonsignificant interactions. **P < 0.01, ***P < 0.001 and ****P < 0.0001.	Results; Fig. 3c	UNKNOWN
PMID40744996_C004	PMID40744996	SLE with nephritis	SLE with nephritis (time-point handling unresolved) versus healthy controls	PBMC	CD4 regulatory T cells	INCREASED	YES	To explore alterations in the phenotype, functional state and clonality of T cells in SLE, we further dissected CD4 and CD8 T cells using established marker genes (Fig. 3a,b). The overall proportion of CD4 T cells decreased in SLE (Fig. 3c). However, the abundance of CD4 regulatory T cells (Treg) was notably enriched in SLE, albeit with downregulation of CTLA4 and IL2RA (Supplementary Fig. 8a), implying that their suppressive functionality may be impaired. Consistent with this was the attenuated activity levels of IL-2 and TGF-β signaling pathways in CD4 Treg cells of SLE (Supplementary Fig. 8b), affording a diminished capacity to maintain immune tolerance. Together, these data strongly suggest that the dysfunction of CD4 Treg cells may contribute to the severity of inflammation and autoimmunity in SLE, leading to a less controlled and more aggressive disease course. Moreover, we observed heightened cytotoxic activity of CD4 cytotoxic T cells in SLE (Supplementary Fig. 8c,d), which could exacerbate inflammatory responses and tissue damage, leading to more severe disease manifestations.Fig. 3Distinct T cell activation and TCR diversity in SLE.a A UMAP visualization for cell composition by αβT cell subtypes: CD4+ naive (CD4 naive), central memory (CD4 Tcm), effector memory (CD4 Tem), regulatory (CD4 Treg), cytotoxic (CD4 CTL), cycling (CD4 cycling), CD8+ naive (CD8 naive), GZMK+ memory (CD8 GZMK), effector memory (CD8 Tem) and cycling (CD8 cycling) T cells. b The scaled average expression of marker genes across ten αβT cell subtypes, with dot size indicating the expressing cell proportion and the color gradient showing expression levels. c The proportion of αβT cell subtypes by disease state. The lines on the bar indicate the IQR, spanning from Q1 to Q3. Statistically significant increases are marked with orange stars for SLE and green for CTL. d Box plots comparing TCR signaling and T cell cytotoxicity in CD8 Tem cells across controls (CTL) and patients with SLE in three studies. The box represents the IQR, spanning from Q1 to Q3, with the line inside the box indicating the median. The whiskers extend to the smallest and largest values within 1.5 times the IQR. e A UMAP visualization delineates TCR clonotype distribution across αβT cells. Cells are colored based on clonotype expansion status. f Box plots showing TCR diversity (Shannon index) in CD8 T cell subtypes across controls and patients with SLE in two studies: Ota et al.17 (left) and our study (right). The box represents the IQR, spanning from Q1 to Q3, with the line inside the box indicating the median. The whiskers extend to the smallest and largest values within 1.5 times the IQR. g Heat maps of MHC-I and Galectin signaling strength from myeloid cells to CD8 T cell subtypes. The color gradient represents the relative strength of signaling. h Ligand–receptor communication probability of MHC-I (cM to CD8 T) (left) and Galectin signaling (pDC to CD8 T) (right). The color gradient represents communication probability and the empty dots indicate nonsignificant interactions. **P < 0.01, ***P < 0.001 and ****P < 0.0001.	Results; Fig. 3c	UNKNOWN
PMID40744996_C005	PMID40744996	SLE with nephritis	SLE with nephritis (time-point handling unresolved) versus healthy controls	PBMC	CD8 T cells	INCREASED	YES	To further understand how T cell-mediated cytotoxicity is dysregulated in SLE, we next investigated the CD8 T cell compartment. In contrast to CD4 T cells, the overall proportional abundance of CD8 T cell subsets was increased, particularly in naive and effector memory T (Tem) cells (Fig. 3c). As expected, gene set activity measurements for the canonical CD8 Tem functions (TCR signaling and T cell cytotoxicity) indicated enhanced engagement in immune responses in SLE, confirmed by two independent external datasets (Fig. 3d). In line with this observation, CD8 Tem cells were also specified in clonally expanded clonotypes in SLE (Fig. 3e and Supplementary Fig. 8e) with their lower TCR diversity (Fig. 3f) indicating that the selected T cell clones were repeatedly activated, probably in an autoimmune response with augmented cytotoxic activity. This was consistently observed in an external dataset (Fig. 3f). Moreover, CD4 cytotoxic T cells, which are commensurate with cytotoxic function, showed the selective expansion of CD8 Tem cells with decreased TCR diversity in SLE (Fig. 3e and Supplementary Fig. 8e,f). Together, our data indicated that the clonal expansion of cytotoxic T cells, probably targeting autoantigens, could contribute to the persistent inflammation and chronic tissue damage in SLE, thereby exacerbating disease severity.	Results; Fig. 3c	UNKNOWN
PMID40744996_C006	PMID40744996	SLE with nephritis	SLE with nephritis (time-point handling unresolved) versus healthy controls	PBMC	naive CD8 T cells	INCREASED	YES	To further understand how T cell-mediated cytotoxicity is dysregulated in SLE, we next investigated the CD8 T cell compartment. In contrast to CD4 T cells, the overall proportional abundance of CD8 T cell subsets was increased, particularly in naive and effector memory T (Tem) cells (Fig. 3c). As expected, gene set activity measurements for the canonical CD8 Tem functions (TCR signaling and T cell cytotoxicity) indicated enhanced engagement in immune responses in SLE, confirmed by two independent external datasets (Fig. 3d). In line with this observation, CD8 Tem cells were also specified in clonally expanded clonotypes in SLE (Fig. 3e and Supplementary Fig. 8e) with their lower TCR diversity (Fig. 3f) indicating that the selected T cell clones were repeatedly activated, probably in an autoimmune response with augmented cytotoxic activity. This was consistently observed in an external dataset (Fig. 3f). Moreover, CD4 cytotoxic T cells, which are commensurate with cytotoxic function, showed the selective expansion of CD8 Tem cells with decreased TCR diversity in SLE (Fig. 3e and Supplementary Fig. 8e,f). Together, our data indicated that the clonal expansion of cytotoxic T cells, probably targeting autoantigens, could contribute to the persistent inflammation and chronic tissue damage in SLE, thereby exacerbating disease severity.	Results; Fig. 3c	UNKNOWN
PMID40744996_C007	PMID40744996	SLE with nephritis	SLE with nephritis (time-point handling unresolved) versus healthy controls	PBMC	effector memory CD8 T (Tem) cells	INCREASED	YES	To further understand how T cell-mediated cytotoxicity is dysregulated in SLE, we next investigated the CD8 T cell compartment. In contrast to CD4 T cells, the overall proportional abundance of CD8 T cell subsets was increased, particularly in naive and effector memory T (Tem) cells (Fig. 3c). As expected, gene set activity measurements for the canonical CD8 Tem functions (TCR signaling and T cell cytotoxicity) indicated enhanced engagement in immune responses in SLE, confirmed by two independent external datasets (Fig. 3d). In line with this observation, CD8 Tem cells were also specified in clonally expanded clonotypes in SLE (Fig. 3e and Supplementary Fig. 8e) with their lower TCR diversity (Fig. 3f) indicating that the selected T cell clones were repeatedly activated, probably in an autoimmune response with augmented cytotoxic activity. This was consistently observed in an external dataset (Fig. 3f). Moreover, CD4 cytotoxic T cells, which are commensurate with cytotoxic function, showed the selective expansion of CD8 Tem cells with decreased TCR diversity in SLE (Fig. 3e and Supplementary Fig. 8e,f). Together, our data indicated that the clonal expansion of cytotoxic T cells, probably targeting autoantigens, could contribute to the persistent inflammation and chronic tissue damage in SLE, thereby exacerbating disease severity.	Results; Fig. 3c	UNKNOWN
PMID35662411_C001	PMID35662411	SARS-CoV-2 infection in pregnancy	maternal asymptomatic/mild infection versus healthy donors	decidua T-cell compartment	naive T cells	DECREASED	YES	We next compared the proportions of decidual T cell clusters with infection (Figures S5B and S5C). A modest reduction in naive T cells and a statistically significant reduction in Treg frequencies were observed with infection (Figures 4D and S5C). This reduction was accompanied by an overall expansion of CD69+ memory subsets (Figures S5C and S5D), as observed with flow cytometry (Figure 1D). Interestingly, a subset of activated CD4+CD69+HLA-DRA+ was significantly expanded with infection (Figure 4D). This subset of T cells, which was nearly absent in HDs, expressed high levels of genes involved in the regulation of viral processes, stress response, cell adhesion, and apoptosis (Figure 4E). Differential gene-expression analysis of memory CD4 T cells showed upregulation of IFNG, antiviral genes (OASL, ISG155, XAF1), and heat-shock proteins (HSPA6, HSPA8) but downregulation of Th2 genes (GATA3, PDE4D) (Figure 4F). Although frequencies of CD8 T cell subsets did not vary significantly with infection (Figure S5E), differential gene expression analysis revealed elevated signatures of T cell apoptosis, viral processes, myeloid leukocyte activation, and antigen processing and presentation (Figures 4G and 4H). On the other hand, genes associated with NF-κB signaling were downregulated with infection (NFKBIA, CCL4) (Figures 4G and 4H). Finally, increased module scores for IL-2, type I interferon, and T cell signaling, as well as T cell activation and exhaustion, were observed with SARS-CoV-2 infection (Figure S5F).	Results; Fig. 4D and S5C	UNKNOWN
PMID35662411_C002	PMID35662411	SARS-CoV-2 infection in pregnancy	maternal asymptomatic/mild infection versus healthy donors	decidua T-cell compartment	Treg	DECREASED	YES	We next compared the proportions of decidual T cell clusters with infection (Figures S5B and S5C). A modest reduction in naive T cells and a statistically significant reduction in Treg frequencies were observed with infection (Figures 4D and S5C). This reduction was accompanied by an overall expansion of CD69+ memory subsets (Figures S5C and S5D), as observed with flow cytometry (Figure 1D). Interestingly, a subset of activated CD4+CD69+HLA-DRA+ was significantly expanded with infection (Figure 4D). This subset of T cells, which was nearly absent in HDs, expressed high levels of genes involved in the regulation of viral processes, stress response, cell adhesion, and apoptosis (Figure 4E). Differential gene-expression analysis of memory CD4 T cells showed upregulation of IFNG, antiviral genes (OASL, ISG155, XAF1), and heat-shock proteins (HSPA6, HSPA8) but downregulation of Th2 genes (GATA3, PDE4D) (Figure 4F). Although frequencies of CD8 T cell subsets did not vary significantly with infection (Figure S5E), differential gene expression analysis revealed elevated signatures of T cell apoptosis, viral processes, myeloid leukocyte activation, and antigen processing and presentation (Figures 4G and 4H). On the other hand, genes associated with NF-κB signaling were downregulated with infection (NFKBIA, CCL4) (Figures 4G and 4H). Finally, increased module scores for IL-2, type I interferon, and T cell signaling, as well as T cell activation and exhaustion, were observed with SARS-CoV-2 infection (Figure S5F).	Results; Fig. 4D and S5C	UNKNOWN
PMID35662411_C003	PMID35662411	SARS-CoV-2 infection in pregnancy	maternal asymptomatic/mild infection versus healthy donors	decidua T-cell compartment	CD69+ memory subsets	INCREASED	YES	We next compared the proportions of decidual T cell clusters with infection (Figures S5B and S5C). A modest reduction in naive T cells and a statistically significant reduction in Treg frequencies were observed with infection (Figures 4D and S5C). This reduction was accompanied by an overall expansion of CD69+ memory subsets (Figures S5C and S5D), as observed with flow cytometry (Figure 1D). Interestingly, a subset of activated CD4+CD69+HLA-DRA+ was significantly expanded with infection (Figure 4D). This subset of T cells, which was nearly absent in HDs, expressed high levels of genes involved in the regulation of viral processes, stress response, cell adhesion, and apoptosis (Figure 4E). Differential gene-expression analysis of memory CD4 T cells showed upregulation of IFNG, antiviral genes (OASL, ISG155, XAF1), and heat-shock proteins (HSPA6, HSPA8) but downregulation of Th2 genes (GATA3, PDE4D) (Figure 4F). Although frequencies of CD8 T cell subsets did not vary significantly with infection (Figure S5E), differential gene expression analysis revealed elevated signatures of T cell apoptosis, viral processes, myeloid leukocyte activation, and antigen processing and presentation (Figures 4G and 4H). On the other hand, genes associated with NF-κB signaling were downregulated with infection (NFKBIA, CCL4) (Figures 4G and 4H). Finally, increased module scores for IL-2, type I interferon, and T cell signaling, as well as T cell activation and exhaustion, were observed with SARS-CoV-2 infection (Figure S5F).	Results; Fig. S5C and S5D	UNKNOWN
PMID35662411_C004	PMID35662411	SARS-CoV-2 infection in pregnancy	maternal asymptomatic/mild infection versus healthy donors	decidua T-cell compartment	activated CD4+CD69+HLA-DRA+	INCREASED	YES	We next compared the proportions of decidual T cell clusters with infection (Figures S5B and S5C). A modest reduction in naive T cells and a statistically significant reduction in Treg frequencies were observed with infection (Figures 4D and S5C). This reduction was accompanied by an overall expansion of CD69+ memory subsets (Figures S5C and S5D), as observed with flow cytometry (Figure 1D). Interestingly, a subset of activated CD4+CD69+HLA-DRA+ was significantly expanded with infection (Figure 4D). This subset of T cells, which was nearly absent in HDs, expressed high levels of genes involved in the regulation of viral processes, stress response, cell adhesion, and apoptosis (Figure 4E). Differential gene-expression analysis of memory CD4 T cells showed upregulation of IFNG, antiviral genes (OASL, ISG155, XAF1), and heat-shock proteins (HSPA6, HSPA8) but downregulation of Th2 genes (GATA3, PDE4D) (Figure 4F). Although frequencies of CD8 T cell subsets did not vary significantly with infection (Figure S5E), differential gene expression analysis revealed elevated signatures of T cell apoptosis, viral processes, myeloid leukocyte activation, and antigen processing and presentation (Figures 4G and 4H). On the other hand, genes associated with NF-κB signaling were downregulated with infection (NFKBIA, CCL4) (Figures 4G and 4H). Finally, increased module scores for IL-2, type I interferon, and T cell signaling, as well as T cell activation and exhaustion, were observed with SARS-CoV-2 infection (Figure S5F).	Results; Fig. 4D	UNKNOWN
PMID36848564_C001	PMID36848564	COVID lung fibrosis	COVID lungs versus non-COVID comparator cohort (requires verification)	lung	neutrophils (cluster 4)	INCREASED	YES	Next, we further examined the unique transcriptional state of Cluster 4 which emerged specifically in COVID lungs and corresponded to increased neutrophil populations (Fig. 1D). To describe the differential transcriptional programming in COVID lungs relative to healthy samples, we identified differentially expressed genes between the two groups. Our results show an enrichment of gene members of the AP1 family, neutrophil maturation-related chemokine and cytokine genes (Fig. 1E). The Elsevier pathway database analysis showed curated pathways that are up-regulated in cluster 4 (combined score > 75). Not surprisingly, we found that these pathways were associated with neutrophil activation (SI Appendix, Fig. S3C).	Results; Fig. 1D	UNKNOWN
PMID31506348_C001	PMID31506348	early diabetic nephropathy	early diabetic nephropathy versus nondiabetic controls	kidney cortex	leukocytes	INCREASED	YES	A total of 23,980 nuclei passed filters with an average of 2,541 genes and 6,894 unique molecular identifiers per nucleus (SI Appendix, Table S2). Eleven kidney cell types (Fig. 1 A and B) and four immune cell types (Fig. 1 C and D) were identified by unsupervised clustering and expression of lineage-specific markers following batch correction (SI Appendix, Fig. S2). Diabetics had an increased number of leukocytes consisting of T cells, B cells, monocytes, and plasma cells (Fig. 1 C and D). All data can be queried by users and visualized online at http://humphreyslab.com/SingleCell/.	Results; Fig. 1C-D	UNKNOWN
PMID34019156_C001	PMID34019156	chronic traumatic encephalopathy	CTE versus matched controls	dorsolateral frontal white matter	OLs	DECREASED	YES	Examination of the tSNE projection anchored with cell-identity markers suggested multiple differences in CTE as compared to control samples when split by condition (Fig. 1b, middle). CTE brain tissue samples contained fewer OLs, altered ratios of OL subpopulations, and reduced astrocyte subpopulation heterogeneity. To determine whether these observed differences between CTE and control tissue partially reflected subject-specific variation rather than condition, we normalized nuclei numbers to the subject with the highest number of nuclei (see [47], Methods) and compared the distributions of total nuclei in each cluster by subject (Fig. 1d). While we did observe subject-specific variation in the proportion of nuclei comprising each cluster, when nuclei numbers were normalized, statistically significant differences between CTE and control samples remained. Specifically, we observed the presence of OL subpopulations that were significantly elevated in CTE [17, 27].	Results > Molecular profiling points to fewer OLs in CTE white matter; Fig. 2b	UNKNOWN
PMID34019156_C002	PMID34019156	chronic traumatic encephalopathy	CTE versus matched controls	dorsolateral frontal white matter	OL6	INCREASED	YES	Having observed aberrant OL subpopulations in CTE, we examined whether these differences were disease-specific. We first considered the contrast of fewer overall OLs to the apparent increases in OL cell numbers in certain subpopulation clusters in CTE versus controls (Fig. 3a). To determine whether these OL subpopulations consistently harbored more cells in CTE samples, we compared normalized nuclei counts between CTE and control (Fig. 3b, SI 5, Methods). All three CTE-specific OL subpopulations (OL6, OL7, and OL8) were significantly elevated in CTE compared to control (OL6: P = 0.001, OL7: P = 0.01, OL8: P = 0.05, two-tailed non-parametric Mann–Whitney U test) (Fig. 3b).	Results; Fig. 3b	UNKNOWN
PMID34019156_C003	PMID34019156	chronic traumatic encephalopathy	CTE versus matched controls	dorsolateral frontal white matter	OL7	INCREASED	YES	Having observed aberrant OL subpopulations in CTE, we examined whether these differences were disease-specific. We first considered the contrast of fewer overall OLs to the apparent increases in OL cell numbers in certain subpopulation clusters in CTE versus controls (Fig. 3a). To determine whether these OL subpopulations consistently harbored more cells in CTE samples, we compared normalized nuclei counts between CTE and control (Fig. 3b, SI 5, Methods). All three CTE-specific OL subpopulations (OL6, OL7, and OL8) were significantly elevated in CTE compared to control (OL6: P = 0.001, OL7: P = 0.01, OL8: P = 0.05, two-tailed non-parametric Mann–Whitney U test) (Fig. 3b).	Results; Fig. 3b	UNKNOWN
PMID34019156_C004	PMID34019156	chronic traumatic encephalopathy	CTE versus matched controls	dorsolateral frontal white matter	OL8	INCREASED	YES	Having observed aberrant OL subpopulations in CTE, we examined whether these differences were disease-specific. We first considered the contrast of fewer overall OLs to the apparent increases in OL cell numbers in certain subpopulation clusters in CTE versus controls (Fig. 3a). To determine whether these OL subpopulations consistently harbored more cells in CTE samples, we compared normalized nuclei counts between CTE and control (Fig. 3b, SI 5, Methods). All three CTE-specific OL subpopulations (OL6, OL7, and OL8) were significantly elevated in CTE compared to control (OL6: P = 0.001, OL7: P = 0.01, OL8: P = 0.05, two-tailed non-parametric Mann–Whitney U test) (Fig. 3b).	Results; Fig. 3b	UNKNOWN
PMID34019156_C005	PMID34019156	chronic traumatic encephalopathy	CTE versus matched controls	dorsolateral frontal white matter	Astrocyte1	DECREASED	YES	In our primary tSNE projection, we observed a potential shift in the heterogeneity of astrocytes in CTE compared to control (Fig. 1b, middle). To further explore this apparent shift in astrocyte heterogeneity, we re-projected each astrocyte nucleus data point as a subset tSNE projection from the primary tSNE projection as described above for OLs (Fig. 4a) and observed two CTE-specific astrocyte subpopulations, designated Astrocyte2 and Astrocyte3 (Fig. 4a). We found a significant decrease in the number of normalized Astrocyte1 nuclei and a significant increase in the number of normalized Astrocyte2 and Astrocyte3 nuclei in CTE as compared to controls (Astrocyte1: P = 0.02, Astrocyte2: P = 0.01, Astrocyte3: P = 0.03, two-tailed non-parametric Mann–Whitney U test, FDR-corrected) (Fig. 4b, SI 5, Methods). To reveal the transcripts driving the emergence of each subpopulation, we performed cell-type marker analysis (SI 2). The Astrocyte1 group expressed many genes associated with normal functioning astrocytes (e.g. GFAP, catenin delta-2 (CTNND2), aquaporin-4 (AQP4)), while the Astrocyte2 group expressed transcripts genes associated with dysfunctional metabolism (e.g. pyruvate dehydrogenase kinase 4 (PDK4) [28]), and the Astrocyte3 group showed enrichment for CD44, BCL6, and SERPINA3 transcripts [33, 47] (SI 2). Differential gene expression analysis between CTE and control astrocytes identified an upregulation of transcripts associated with neuroinflammation and aging: cluster of differentiation 44 (CD44, P = 9.32 × 10–8), B-cell lymphoma 6 (BCL6, P = 7.14 × 10–15), and alpha 1-antichymoptrypsin (SERPINA3, P = 5.68 × 10–35) (Fig. 4c, SI 3) [32, 33], and additional gene expression analysis for the Astrocyte3 group transcript profile confirmed increases in mRNA transcripts related to neuroinflammation (SERPINA3, P = 2.21 × 10–163; CD44, P = 5.38 × 10–132; BCL6, P = 2.43 × 10–77) (Fig. 4d, SI 2).	Results; Fig. 4b	UNKNOWN
PMID34019156_C006	PMID34019156	chronic traumatic encephalopathy	CTE versus matched controls	dorsolateral frontal white matter	Astrocyte2	INCREASED	YES	In our primary tSNE projection, we observed a potential shift in the heterogeneity of astrocytes in CTE compared to control (Fig. 1b, middle). To further explore this apparent shift in astrocyte heterogeneity, we re-projected each astrocyte nucleus data point as a subset tSNE projection from the primary tSNE projection as described above for OLs (Fig. 4a) and observed two CTE-specific astrocyte subpopulations, designated Astrocyte2 and Astrocyte3 (Fig. 4a). We found a significant decrease in the number of normalized Astrocyte1 nuclei and a significant increase in the number of normalized Astrocyte2 and Astrocyte3 nuclei in CTE as compared to controls (Astrocyte1: P = 0.02, Astrocyte2: P = 0.01, Astrocyte3: P = 0.03, two-tailed non-parametric Mann–Whitney U test, FDR-corrected) (Fig. 4b, SI 5, Methods). To reveal the transcripts driving the emergence of each subpopulation, we performed cell-type marker analysis (SI 2). The Astrocyte1 group expressed many genes associated with normal functioning astrocytes (e.g. GFAP, catenin delta-2 (CTNND2), aquaporin-4 (AQP4)), while the Astrocyte2 group expressed transcripts genes associated with dysfunctional metabolism (e.g. pyruvate dehydrogenase kinase 4 (PDK4) [28]), and the Astrocyte3 group showed enrichment for CD44, BCL6, and SERPINA3 transcripts [33, 47] (SI 2). Differential gene expression analysis between CTE and control astrocytes identified an upregulation of transcripts associated with neuroinflammation and aging: cluster of differentiation 44 (CD44, P = 9.32 × 10–8), B-cell lymphoma 6 (BCL6, P = 7.14 × 10–15), and alpha 1-antichymoptrypsin (SERPINA3, P = 5.68 × 10–35) (Fig. 4c, SI 3) [32, 33], and additional gene expression analysis for the Astrocyte3 group transcript profile confirmed increases in mRNA transcripts related to neuroinflammation (SERPINA3, P = 2.21 × 10–163; CD44, P = 5.38 × 10–132; BCL6, P = 2.43 × 10–77) (Fig. 4d, SI 2).	Results; Fig. 4b	UNKNOWN
PMID34019156_C007	PMID34019156	chronic traumatic encephalopathy	CTE versus matched controls	dorsolateral frontal white matter	Astrocyte3	INCREASED	YES	In our primary tSNE projection, we observed a potential shift in the heterogeneity of astrocytes in CTE compared to control (Fig. 1b, middle). To further explore this apparent shift in astrocyte heterogeneity, we re-projected each astrocyte nucleus data point as a subset tSNE projection from the primary tSNE projection as described above for OLs (Fig. 4a) and observed two CTE-specific astrocyte subpopulations, designated Astrocyte2 and Astrocyte3 (Fig. 4a). We found a significant decrease in the number of normalized Astrocyte1 nuclei and a significant increase in the number of normalized Astrocyte2 and Astrocyte3 nuclei in CTE as compared to controls (Astrocyte1: P = 0.02, Astrocyte2: P = 0.01, Astrocyte3: P = 0.03, two-tailed non-parametric Mann–Whitney U test, FDR-corrected) (Fig. 4b, SI 5, Methods). To reveal the transcripts driving the emergence of each subpopulation, we performed cell-type marker analysis (SI 2). The Astrocyte1 group expressed many genes associated with normal functioning astrocytes (e.g. GFAP, catenin delta-2 (CTNND2), aquaporin-4 (AQP4)), while the Astrocyte2 group expressed transcripts genes associated with dysfunctional metabolism (e.g. pyruvate dehydrogenase kinase 4 (PDK4) [28]), and the Astrocyte3 group showed enrichment for CD44, BCL6, and SERPINA3 transcripts [33, 47] (SI 2). Differential gene expression analysis between CTE and control astrocytes identified an upregulation of transcripts associated with neuroinflammation and aging: cluster of differentiation 44 (CD44, P = 9.32 × 10–8), B-cell lymphoma 6 (BCL6, P = 7.14 × 10–15), and alpha 1-antichymoptrypsin (SERPINA3, P = 5.68 × 10–35) (Fig. 4c, SI 3) [32, 33], and additional gene expression analysis for the Astrocyte3 group transcript profile confirmed increases in mRNA transcripts related to neuroinflammation (SERPINA3, P = 2.21 × 10–163; CD44, P = 5.38 × 10–132; BCL6, P = 2.43 × 10–77) (Fig. 4d, SI 2).	Results; Fig. 4b	UNKNOWN
PMID35549656_C001	PMID35549656	COPD	COPD versus healthy uninfected pBEC cultures	cultured bronchial epithelium	club/goblet cells	INCREASED	YES	Results, baseline control pBEC comparison; Fig. 1D/E: COPD control pBECs had 78.1% club/goblet cells vs 68.19% in healthy control pBECs (P=0.0397).	Results, baseline control pBEC comparison; Fig. 1D/E	Results, baseline control pBEC comparison; Fig. 1D/E: COPD control pBECs had 78.1% club/goblet cells vs 68.19% in healthy control pBECs (P=0.0397).
PMID41629974_C001	PMID41629974	NMOSD	acute NMOSD versus healthy controls	PBMC	NK cells	DECREASED	YES	Results, 'Single-cell RNA sequencing reveals altered immune landscapes...'; Fig. 3e: NK-cell proportion significantly reduced in acute NMOSD vs healthy controls (P=0.012; median 4.49% vs 14.82%).	Results, 'Single-cell RNA sequencing reveals altered immune landscapes...'; Fig. 3e	Results, 'Single-cell RNA sequencing reveals altered immune landscapes...'; Fig. 3e: NK-cell proportion significantly reduced in acute NMOSD vs healthy controls (P=0.012; median 4.49% vs 14.82%).
PMID32511460_C001	PMID32511460	heart failure	failing versus normal heart	heart	ACE2+ CM1	INCREASED	YES	Results, 'Both CMs and NCMs Have Different ACE2 Expression Pattern After HF'; Fig. 3B: ACE2+ cells in CM1 increased from 5.55% in normal to 34.98% in HF (P<0.0001).	Results, 'Both CMs and NCMs Have Different ACE2 Expression Pattern After HF'; Fig. 3B	Results, 'Both CMs and NCMs Have Different ACE2 Expression Pattern After HF'; Fig. 3B: ACE2+ cells in CM1 increased from 5.55% in normal to 34.98% in HF (P<0.0001).
PMID38187779_C001	PMID38187779	multiple sclerosis	demyelination versus control DLPFC	DLPFC	GABA_6_CCK_LAMP5	DECREASED	YES	Results, 'A GABAergic neuronal subtype is depleted in demyelination'; Fig. 2B/Table S3: GABA_6_CCK_LAMP5 was lower in DLPFC donors with primary or secondary demyelination.	Results, 'A GABAergic neuronal subtype is depleted in demyelination'; Fig. 2B/Table S3	Results, 'A GABAergic neuronal subtype is depleted in demyelination'; Fig. 2B/Table S3: GABA_6_CCK_LAMP5 was lower in DLPFC donors with primary or secondary demyelination.
PMID42292441_C001	PMID42292441	systemic sclerosis ILD	SSc-ILD lower lobe versus healthy lung	lung lower lobe	TREM2 macrophages	INCREASED	YES	Results/Fig. 1D: SSc lower-lobe samples showed an increased proportion of TREM2 macrophages versus healthy controls; T and NK cells were decreased.	Results/Fig. 1D	Results/Fig. 1D: SSc lower-lobe samples showed an increased proportion of TREM2 macrophages versus healthy controls; T and NK cells were decreased.
PMID42433374_C001	PMID42433374	type 1 diabetes	T1D versus control islets	islet	myeloid cells	INCREASED	YES	Results 2.1: integrated single-cell analysis reports substantial myeloid enrichment within the T1D islet microenvironment relative to healthy controls.	Results 2.1	Results 2.1: integrated single-cell analysis reports substantial myeloid enrichment within the T1D islet microenvironment relative to healthy controls.
